org_id,event_timestamp,activity,plan,price,deployment
100000003,2024-04-05T17:07:32Z,subscribed,Business,399,SaaS
100000004,2024-04-06T22:45:27Z,subscribed,Team,0,On-prem
100000002,2024-04-06T20:13:47Z,subscribed,Business,399,On-prem
100000005,2024-04-07T22:15:16Z,subscribed,Team,99,SaaS
100000007,2024-04-07T08:51:41Z,subscribed,Team,99,SaaS
100000006,2024-04-08T17:04:18Z,subscribed,Business,399,SaaS
100000001,2024-04-08T12:47:19Z,subscribed,Business,399,On-prem
100000008,2024-04-08T03:39:09Z,subscribed,Business,399,On-prem
100000013,2024-04-09T20:55:35Z,subscribed,Business,399,On-prem
100000010,2024-04-09T14:14:17Z,subscribed,Team,99,On-prem
100000009,2024-04-09T21:15:20Z,subscribed,Business,399,On-prem
100000012,2024-04-10T07:04:26Z,subscribed,Team,99,SaaS
100000014,2024-04-10T03:21:38Z,subscribed,Business,399,On-prem
100000011,2024-04-11T14:45:38Z,subscribed,Business,399,On-prem
100000019,2024-04-11T08:52:56Z,subscribed,Business,399,On-prem
100000020,2024-04-12T06:28:18Z,subscribed,Team,99,On-prem
100000017,2024-04-12T11:28:47Z,subscribed,Team,99,On-prem
100000025,2024-04-13T16:13:34Z,subscribed,Team,99,SaaS
100000024,2024-04-13T03:20:09Z,subscribed,Team,99,On-prem
100000027,2024-04-13T16:47:00Z,subscribed,Team,99,SaaS
100000023,2024-04-14T16:23:11Z,subscribed,Team,99,On-prem
100000032,2024-04-14T09:36:52Z,subscribed,Business,399,SaaS
100000037,2024-04-15T18:49:46Z,subscribed,Team,99,SaaS
100000016,2024-04-15T14:54:08Z,subscribed,Team,99,SaaS
100000022,2024-04-16T11:42:23Z,subscribed,Team,99,On-prem
100000034,2024-04-16T17:03:21Z,subscribed,Business,399,SaaS
100000033,2024-04-17T08:43:31Z,subscribed,Business,399,On-prem
100000042,2024-04-17T02:48:25Z,subscribed,Business,399,SaaS
100000035,2024-04-18T02:52:38Z,subscribed,Business,399,SaaS
100000041,2024-04-18T21:00:47Z,subscribed,Team,99,SaaS
100000051,2024-04-19T07:00:57Z,subscribed,Business,399,SaaS
100000028,2024-04-19T20:11:24Z,subscribed,Team,99,SaaS
100000039,2024-04-20T09:53:09Z,subscribed,Team,-841,On-prem
100000015,2024-04-20T11:20:51Z,subscribed,Team,99,On-prem
100000062,2024-04-21T15:22:37Z,subscribed,Team,99,SaaS
100000056,2024-04-22T20:19:39Z,subscribed,Team,99,SaaS
100000046,2024-04-23T00:17:39Z,subscribed,Business,399,On-prem
100000036,2024-04-23T07:53:56Z,subscribed,Business,399,SaaS
100000058,2024-04-23T09:12:18Z,subscribed,Business,399,SaaS
100000043,2024-04-24T15:13:45Z,subscribed,Business,399,SaaS
100000068,2024-04-25T22:50:47Z,subscribed,Business,399,On-prem
100000064,2024-04-25T23:53:11Z,subscribed,Team,99,SaaS
100000055,2024-04-26T13:13:51Z,subscribed,Business,-632,On-prem
100000040,2024-04-26T21:11:55Z,subscribed,Team,99,On-prem
100000074,2024-04-27T11:53:33Z,subscribed,Team,99,SaaS
100000080,2024-04-27T21:29:03Z,subscribed,Team,99,SaaS
100000086,2024-04-28T02:52:40Z,subscribed,Business,399,On-prem
100000052,2024-04-28T08:28:34Z,subscribed,Team,99,On-prem
100000085,2024-04-29T07:53:51Z,subscribed,Business,399,SaaS
100000047,2024-04-30T20:33:22Z,subscribed,Business,399,On-prem
100000026,2024-04-30T01:31:47Z,subscribed,Team,99,On-prem
100000038,2024-05-01T08:56:14Z,subscribed,Business,399,On-prem
100000077,2024-05-02T07:48:20Z,subscribed,Business,-158,On-prem
100000089,2024-05-03T07:10:10Z,subscribed,Business,399,On-prem
100000072,2024-05-03T05:26:05Z,subscribed,Team,99,On-prem
100000075,2024-05-04T17:11:10Z,subscribed,Team,99,On-prem
100000088,2024-05-04T05:41:42Z,subscribed,Team,99,On-prem
100000107,2024-05-05T01:20:41Z,subscribed,Team,-530,SaaS
100000031,2024-05-05T22:25:44Z,subscribed,Team,99,On-prem
100000048,2024-05-06T00:18:07Z,subscribed,Team,99,On-prem
100000093,2024-05-06T20:37:17Z,subscribed,Business,399,SaaS
100000060,2024-05-07T04:35:30Z,subscribed,Team,99,On-prem
100000021,2024-05-07T17:51:34Z,subscribed,Team,99,On-prem
100000111,2024-05-08T22:11:51Z,subscribed,Business,399,On-prem
100000129,2024-05-08T02:40:15Z,subscribed,Business,399,On-prem
100000091,2024-05-09T04:03:46Z,subscribed,Team,99,SaaS
100000112,2024-05-09T08:45:58Z,subscribed,Team,99,On-prem
100000121,2024-05-10T14:26:38Z,subscribed,Team,99,On-prem
100000071,2024-05-10T01:46:19Z,subscribed,Business,399,SaaS
100000079,2024-05-11T17:40:40Z,subscribed,Business,399,On-prem
100000044,2024-05-11T13:51:02Z,subscribed,Team,99,SaaS
100000114,2024-05-11T19:09:23Z,subscribed,Team,99,SaaS
100000134,2024-05-12T16:01:55Z,subscribed,Team,99,On-prem
100000096,2024-05-13T10:30:07Z,subscribed,Business,399,SaaS
100000137,2024-05-13T14:23:26Z,subscribed,Team,99,On-prem
100000152,2024-05-14T07:08:55Z,subscribed,Business,399,SaaS
100000067,2024-05-14T08:35:59Z,subscribed,Team,99,On-prem
100000118,2024-05-15T18:51:04Z,subscribed,Business,399,On-prem
100000141,2024-05-15T05:19:30Z,subscribed,Business,399,SaaS
100000018,2024-05-15T15:31:49Z,subscribed,Team,99,SaaS
100000092,2024-05-16T02:10:10Z,subscribed,Team,99,On-prem
100000150,2024-05-16T08:19:09Z,subscribed,Team,99,On-prem
100000168,2024-05-17T07:24:27Z,subscribed,Team,99,On-prem
100000165,2024-05-17T11:40:35Z,subscribed,Business,399,On-prem
100000132,2024-05-18T05:25:51Z,subscribed,Business,399,On-prem
100000151,2024-05-18T04:32:33Z,subscribed,Team,99,On-prem
100000176,2024-05-19T05:40:45Z,subscribed,Team,99,On-prem
100000081,2024-05-19T07:54:34Z,subscribed,Team,99,SaaS
100000061,2024-05-20T21:58:03Z,subscribed,Team,99,On-prem
100000162,2024-05-21T17:22:34Z,subscribed,Team,99,SaaS
100000087,2024-05-21T16:42:27Z,subscribed,Team,99,SaaS
100000117,2024-05-22T04:58:33Z,subscribed,Business,399,On-prem
100000125,2024-05-22T21:50:01Z,subscribed,Team,99,SaaS
100000161,2024-05-23T20:41:09Z,subscribed,Business,399,On-prem
100000110,2024-05-23T21:26:14Z,subscribed,Team,99,On-prem
100000157,2024-05-24T00:36:49Z,subscribed,Business,399,SaaS
100000187,2024-05-24T20:48:30Z,subscribed,Team,99,On-prem
100000119,2024-05-25T08:44:43Z,subscribed,Team,0,On-prem
100000090,2024-05-25T04:51:39Z,subscribed,Business,399,SaaS
100000175,2024-05-26T08:43:12Z,subscribed,Business,399,On-prem
100000184,2024-05-26T22:15:17Z,subscribed,Business,399,On-prem
100000099,2024-05-27T22:56:51Z,subscribed,Team,99,SaaS
100000083,2024-05-27T05:12:58Z,subscribed,Business,399,On-prem
100000167,2024-05-28T16:18:16Z,subscribed,Team,99,SaaS
100000123,2024-05-28T13:30:27Z,subscribed,Business,399,On-prem
100000109,2024-05-29T09:26:07Z,subscribed,Business,399,SaaS
100000164,2024-05-29T15:38:11Z,subscribed,Team,99,On-prem
100000124,2024-05-29T01:25:34Z,subscribed,Business,399,On-prem
100000210,2024-05-30T19:00:18Z,subscribed,Team,99,SaaS
100000070,2024-05-30T09:24:18Z,subscribed,Business,399,SaaS
100000181,2024-05-31T19:41:50Z,subscribed,Team,99,On-prem
100000120,2024-05-31T20:04:27Z,subscribed,Business,399,On-prem
100000053,2024-05-31T23:55:59Z,subscribed,Business,399,On-prem
100000232,2024-06-01T00:38:36Z,subscribed,Business,399,On-prem
100000128,2024-06-01T00:55:40Z,subscribed,Business,399,SaaS
100000186,2024-06-02T21:03:21Z,subscribed,Team,99,SaaS
100000182,2024-06-02T03:40:14Z,subscribed,Team,99,On-prem
100000203,2024-06-03T12:04:59Z,subscribed,Business,399,SaaS
100000069,2024-06-03T06:10:25Z,subscribed,Business,399,SaaS
100000082,2024-06-03T07:15:37Z,subscribed,Business,399,On-prem
100000102,2024-06-04T11:36:39Z,subscribed,Business,399,On-prem
100000103,2024-06-04T20:08:09Z,subscribed,Team,99,SaaS
100000213,2024-06-05T17:35:11Z,subscribed,Business,399,SaaS
100000159,2024-06-05T01:16:59Z,subscribed,Team,99,On-prem
100000233,2024-06-06T20:59:12Z,subscribed,Business,399,SaaS
100000256,2024-06-06T12:36:28Z,subscribed,Team,99,SaaS
100000138,2024-06-07T09:01:35Z,subscribed,Team,99,SaaS
100000140,2024-06-07T16:24:04Z,subscribed,Team,99,On-prem
100000066,2024-06-08T22:55:37Z,subscribed,Business,399,SaaS
100000201,2024-06-08T08:20:11Z,subscribed,Business,399,On-prem
100000171,2024-06-09T04:25:47Z,subscribed,Business,399,On-prem
100000224,2024-06-09T17:22:24Z,subscribed,Business,399,SaaS
100000145,2024-06-10T23:17:01Z,subscribed,Team,99,On-prem
100000208,2024-06-10T18:42:37Z,subscribed,Business,399,SaaS
100000144,2024-06-11T18:29:33Z,subscribed,Team,-798,SaaS
100000263,2024-06-11T09:37:26Z,subscribed,Team,99,On-prem
100000219,2024-06-12T07:26:02Z,subscribed,Business,399,On-prem
100000169,2024-06-12T10:50:04Z,subscribed,Team,99,On-prem
100000238,2024-06-13T18:16:03Z,subscribed,Business,399,On-prem
100000239,2024-06-13T21:52:38Z,subscribed,Business,399,SaaS
100000195,2024-06-14T06:44:10Z,subscribed,Business,399,On-prem
100000199,2024-06-14T22:18:10Z,subscribed,Business,399,SaaS
100000259,2024-06-15T07:24:16Z,subscribed,Business,399,SaaS
100000286,2024-06-15T17:40:17Z,subscribed,Business,399,On-prem
100000268,2024-06-16T03:50:58Z,subscribed,Team,99,SaaS
100000122,2024-06-16T01:57:48Z,subscribed,Team,99,SaaS
100000163,2024-06-17T02:20:33Z,subscribed,Team,99,On-prem
100000229,2024-06-18T18:16:47Z,subscribed,Team,-413,SaaS
100000251,2024-06-18T20:43:32Z,subscribed,Business,399,SaaS
100000246,2024-06-19T23:05:41Z,subscribed,Business,399,SaaS
100000179,2024-06-19T15:51:22Z,subscribed,Team,99,SaaS
100000285,2024-06-20T03:11:32Z,subscribed,Business,0,SaaS
100000247,2024-06-20T18:13:11Z,subscribed,Business,399,On-prem
100000108,2024-06-21T20:54:30Z,subscribed,Business,0,On-prem
100000315,2024-06-21T08:50:38Z,subscribed,Business,399,SaaS
100000063,2024-06-22T11:58:20Z,subscribed,Business,399,On-prem
100000291,2024-06-22T02:39:59Z,subscribed,Business,399,On-prem
100000216,2024-06-23T10:04:19Z,subscribed,Team,99,SaaS
100000139,2024-06-23T08:37:11Z,subscribed,Business,399,On-prem
100000127,2024-06-24T11:12:00Z,subscribed,Team,99,On-prem
100000255,2024-06-24T07:45:49Z,subscribed,Business,399,SaaS
100000207,2024-06-25T10:46:04Z,subscribed,Business,399,On-prem
100000312,2024-06-26T19:28:57Z,subscribed,Team,-772,SaaS
100000198,2024-06-26T03:58:58Z,subscribed,Business,399,SaaS
100000153,2024-06-27T04:16:39Z,subscribed,Team,99,SaaS
100000294,2024-06-27T04:55:13Z,subscribed,Team,99,On-prem
100000283,2024-06-28T14:09:07Z,subscribed,Business,399,SaaS
100000155,2024-06-28T20:29:48Z,subscribed,Business,399,On-prem
100000328,2024-06-29T19:51:56Z,subscribed,Business,399,SaaS
100000335,2024-06-29T13:08:36Z,subscribed,Business,399,On-prem
100000212,2024-06-30T15:40:28Z,subscribed,Team,99,On-prem
100000337,2024-06-30T23:40:54Z,subscribed,Team,99,SaaS
100000324,2024-07-01T18:42:00Z,subscribed,Business,399,On-prem
100000223,2024-07-01T02:04:58Z,subscribed,Business,399,On-prem
100000280,2024-07-02T17:49:32Z,subscribed,Business,399,On-prem
100000154,2024-07-02T03:26:43Z,subscribed,Team,99,On-prem
100000275,2024-07-03T12:10:44Z,subscribed,Business,399,SaaS
100000133,2024-07-03T10:29:01Z,subscribed,Business,399,SaaS
100000289,2024-07-04T18:17:18Z,subscribed,Business,399,SaaS
100000253,2024-07-04T22:09:48Z,subscribed,Team,99,SaaS
100000094,2024-07-04T20:26:37Z,subscribed,Team,99,SaaS
100000351,2024-07-05T09:29:29Z,subscribed,Team,99,On-prem
100000146,2024-07-05T10:12:07Z,subscribed,Business,399,On-prem
100000191,2024-07-06T18:56:05Z,subscribed,Team,-848,SaaS
100000357,2024-07-06T23:09:12Z,subscribed,Business,399,SaaS
100000065,2024-07-07T17:21:14Z,subscribed,Business,399,SaaS
100000269,2024-07-07T12:55:14Z,subscribed,Team,99,On-prem
100000370,2024-07-08T17:01:26Z,subscribed,Business,399,On-prem
100000303,2024-07-08T19:30:54Z,subscribed,Team,99,On-prem
100000358,2024-07-09T11:50:55Z,subscribed,Business,399,On-prem
100000260,2024-07-09T11:03:12Z,subscribed,Business,399,On-prem
100000250,2024-07-10T23:05:29Z,subscribed,Team,99,SaaS
100000325,2024-07-10T22:47:22Z,subscribed,Team,99,SaaS
100000204,2024-07-11T14:46:46Z,subscribed,Business,399,On-prem
100000221,2024-07-11T00:27:28Z,subscribed,Business,399,On-prem
100000359,2024-07-11T11:38:09Z,subscribed,Business,399,SaaS
100000234,2024-07-12T01:08:38Z,subscribed,Business,399,On-prem
100000185,2024-07-12T08:04:52Z,subscribed,Team,99,SaaS
100000243,2024-07-13T04:12:57Z,subscribed,Team,-229,On-prem
100000355,2024-07-13T14:39:57Z,subscribed,Team,99,On-prem
100000292,2024-07-14T00:35:33Z,subscribed,Team,99,On-prem
100000105,2024-07-14T19:30:30Z,subscribed,Business,399,SaaS
100000387,2024-07-16T06:08:46Z,subscribed,Team,99,SaaS
100000290,2024-07-16T14:35:16Z,subscribed,Team,99,SaaS
100000049,2024-07-17T21:20:55Z,subscribed,Business,399,SaaS
100000273,2024-07-18T05:14:13Z,subscribed,Business,399,On-prem
100000278,2024-07-18T19:58:17Z,subscribed,Business,399,On-prem
100000258,2024-07-19T03:12:33Z,subscribed,Business,399,On-prem
100000402,2024-07-19T22:15:42Z,subscribed,Team,99,On-prem
100000209,2024-07-20T12:17:32Z,subscribed,Business,399,SaaS
100000192,2024-07-20T06:38:40Z,subscribed,Business,399,SaaS
100000375,2024-07-21T14:00:26Z,subscribed,Team,99,SaaS
100000425,2024-07-21T17:03:14Z,subscribed,Team,99,On-prem
100000379,2024-07-22T12:27:09Z,subscribed,Business,399,On-prem
100000265,2024-07-22T11:08:04Z,subscribed,Business,399,On-prem
100000282,2024-07-23T19:20:23Z,subscribed,Team,99,On-prem
100000254,2024-07-23T11:54:16Z,subscribed,Business,399,SaaS
100000406,2024-07-24T09:17:32Z,subscribed,Business,399,SaaS
100000045,2024-07-24T04:52:16Z,subscribed,Business,399,On-prem
100000174,2024-07-24T03:52:11Z,subscribed,Business,399,SaaS
100000106,2024-07-25T11:55:04Z,subscribed,Team,99,SaaS
100000222,2024-07-25T15:35:21Z,subscribed,Business,399,On-prem
100000205,2024-07-26T07:52:26Z,subscribed,Team,99,SaaS
100000356,2024-07-26T11:32:25Z,subscribed,Business,399,SaaS
100000390,2024-07-27T02:30:54Z,subscribed,Team,99,SaaS
100000330,2024-07-27T04:11:58Z,subscribed,Team,99,On-prem
100000442,2024-07-28T17:58:53Z,subscribed,Team,99,SaaS
100000311,2024-07-28T15:16:54Z,subscribed,Team,99,On-prem
100000126,2024-07-29T03:12:28Z,subscribed,Business,399,On-prem
100000435,2024-07-29T17:06:33Z,subscribed,Business,399,On-prem
100000115,2024-07-29T12:32:10Z,subscribed,Business,399,On-prem
100000426,2024-07-30T20:19:36Z,subscribed,Business,399,SaaS
100000249,2024-07-30T20:54:01Z,subscribed,Team,99,SaaS
100000316,2024-07-31T16:34:14Z,subscribed,Team,99,SaaS
100000338,2024-07-31T14:57:38Z,subscribed,Team,99,On-prem
100000237,2024-08-01T08:17:04Z,subscribed,Team,99,SaaS
100000437,2024-08-01T04:21:21Z,subscribed,Team,99,On-prem
100000271,2024-08-02T12:34:43Z,subscribed,Business,399,SaaS
100000407,2024-08-02T10:05:21Z,subscribed,Team,99,On-prem
100000449,2024-08-03T03:47:14Z,subscribed,Team,99,On-prem
100000377,2024-08-04T16:41:05Z,subscribed,Business,399,SaaS
100000241,2024-08-04T19:49:21Z,subscribed,Team,99,On-prem
100000411,2024-08-05T10:15:57Z,subscribed,Team,-779,SaaS
100000368,2024-08-05T22:06:53Z,subscribed,Team,99,SaaS
100000297,2024-08-06T17:39:24Z,subscribed,Business,399,On-prem
100000270,2024-08-06T15:49:16Z,subscribed,Business,399,On-prem
100000281,2024-08-07T19:13:46Z,subscribed,Business,0,SaaS
100000084,2024-08-07T03:10:24Z,subscribed,Business,399,On-prem
100000236,2024-08-08T21:46:56Z,subscribed,Business,399,SaaS
100000307,2024-08-08T04:33:13Z,subscribed,Team,99,SaaS
100000365,2024-08-09T01:31:18Z,subscribed,Business,-920,On-prem
100000173,2024-08-09T16:02:29Z,subscribed,Business,399,On-prem
100000422,2024-08-09T18:41:34Z,subscribed,Business,399,SaaS
100000468,2024-08-10T23:11:18Z,subscribed,Team,99,SaaS
100000309,2024-08-10T04:11:12Z,subscribed,Business,399,SaaS
100000329,2024-08-10T17:27:50Z,subscribed,Team,99,SaaS
100000148,2024-08-11T01:51:58Z,subscribed,Business,399,On-prem
100000276,2024-08-11T20:47:07Z,subscribed,Business,399,SaaS
100000505,2024-08-12T20:35:57Z,subscribed,Business,-944,On-prem
100000386,2024-08-12T18:48:16Z,subscribed,Business,399,On-prem
100000100,2024-08-13T20:58:58Z,subscribed,Business,399,SaaS
100000503,2024-08-13T11:33:29Z,subscribed,Business,399,SaaS
100000380,2024-08-14T08:42:17Z,subscribed,Team,99,SaaS
100000301,2024-08-14T08:22:51Z,subscribed,Business,399,On-prem
100000242,2024-08-15T13:07:32Z,subscribed,Team,99,On-prem
100000420,2024-08-15T19:44:45Z,subscribed,Business,399,On-prem
100000193,2024-08-16T02:30:55Z,subscribed,Business,399,SaaS
100000466,2024-08-16T08:12:26Z,subscribed,Team,99,SaaS
100000326,2024-08-17T04:56:39Z,subscribed,Team,99,On-prem
100000244,2024-08-17T21:57:26Z,subscribed,Team,99,On-prem
100000101,2024-08-18T07:45:00Z,subscribed,Team,99,SaaS
100000218,2024-08-18T21:23:59Z,subscribed,Business,399,SaaS
100000336,2024-08-19T06:05:03Z,subscribed,Business,-237,SaaS
100000413,2024-08-19T06:36:33Z,subscribed,Business,399,SaaS
100000361,2024-08-20T21:48:52Z,subscribed,Business,399,On-prem
100000231,2024-08-20T23:21:13Z,subscribed,Team,99,On-prem
100000400,2024-08-21T23:39:35Z,subscribed,Business,399,SaaS
100000227,2024-08-21T21:36:45Z,subscribed,Business,399,SaaS
100000030,2024-08-22T05:13:50Z,subscribed,Team,99,On-prem
100000206,2024-08-22T01:35:10Z,subscribed,Team,99,On-prem
100000439,2024-08-22T10:22:55Z,subscribed,Team,99,SaaS
100000341,2024-08-23T16:55:21Z,subscribed,Business,399,On-prem
100000372,2024-08-23T03:17:52Z,subscribed,Team,99,On-prem
100000339,2024-08-24T05:07:12Z,subscribed,Team,99,On-prem
100000507,2024-08-25T00:09:55Z,subscribed,Business,399,On-prem
100000498,2024-08-25T03:31:05Z,subscribed,Team,99,SaaS
100000279,2024-08-26T18:12:28Z,subscribed,Team,99,On-prem
100000143,2024-08-26T05:06:53Z,subscribed,Business,399,SaaS
100000333,2024-08-26T11:49:53Z,subscribed,Team,99,SaaS
100000200,2024-08-27T06:04:22Z,subscribed,Business,399,SaaS
100000487,2024-08-27T03:59:48Z,subscribed,Business,399,On-prem
100000347,2024-08-28T12:17:19Z,subscribed,Business,399,SaaS
100000320,2024-08-28T15:06:59Z,subscribed,Business,399,On-prem
100000349,2024-08-29T01:36:38Z,subscribed,Business,399,SaaS
100000462,2024-08-29T19:54:09Z,subscribed,Business,399,SaaS
100000364,2024-08-30T21:56:33Z,subscribed,Business,399,SaaS
100000362,2024-08-30T12:28:27Z,subscribed,Business,399,On-prem
100000409,2024-08-31T08:36:14Z,subscribed,Business,399,SaaS
100000287,2024-08-31T14:24:03Z,subscribed,Team,99,SaaS
100000494,2024-08-31T09:24:21Z,subscribed,Team,99,SaaS
100000029,2024-09-01T15:40:16Z,subscribed,Team,0,On-prem
100000262,2024-09-02T17:15:50Z,subscribed,Business,399,On-prem
100000323,2024-09-03T03:39:39Z,subscribed,Team,99,On-prem
100000521,2024-09-03T11:56:24Z,subscribed,Team,99,SaaS
100000353,2024-09-04T13:34:25Z,subscribed,Team,99,SaaS
100000585,2024-09-04T14:30:48Z,subscribed,Business,399,On-prem
100000608,2024-09-05T22:48:00Z,subscribed,Business,399,SaaS
100000369,2024-09-05T16:10:48Z,subscribed,Business,399,SaaS
100000531,2024-09-05T05:23:42Z,subscribed,Business,399,SaaS
100000605,2024-09-06T02:55:27Z,subscribed,Team,99,SaaS
100000172,2024-09-06T08:21:47Z,subscribed,Team,99,On-prem
100000423,2024-09-07T09:00:16Z,subscribed,Team,99,On-prem
100000374,2024-09-07T08:16:44Z,subscribed,Team,99,SaaS
100000455,2024-09-08T21:30:41Z,subscribed,Business,399,SaaS
100000566,2024-09-08T13:42:46Z,subscribed,Team,99,On-prem
100000228,2024-09-09T09:02:04Z,subscribed,Business,399,SaaS
100000318,2024-09-09T12:22:39Z,subscribed,Team,99,SaaS
100000575,2024-09-09T23:52:37Z,subscribed,Business,399,SaaS
100000454,2024-09-10T14:49:57Z,subscribed,Team,99,SaaS
100000625,2024-09-10T01:49:01Z,subscribed,Business,399,On-prem
100000604,2024-09-11T09:22:02Z,subscribed,Business,399,On-prem
100000591,2024-09-11T09:05:25Z,subscribed,Team,99,On-prem
100000643,2024-09-12T19:44:53Z,subscribed,Team,99,SaaS
100000509,2024-09-12T16:59:53Z,subscribed,Business,399,SaaS
100000284,2024-09-13T13:40:00Z,subscribed,Team,99,SaaS
100000590,2024-09-13T13:29:02Z,subscribed,Business,399,On-prem
100000646,2024-09-14T10:21:40Z,subscribed,Team,99,On-prem
100000450,2024-09-14T22:43:37Z,subscribed,Business,399,SaaS
100000343,2024-09-15T10:03:17Z,subscribed,Team,99,SaaS
100000438,2024-09-15T02:49:01Z,subscribed,Business,399,On-prem
100000652,2024-09-16T22:26:22Z,subscribed,Team,99,On-prem
100000446,2024-09-16T12:28:40Z,subscribed,Business,399,On-prem
100000135,2024-09-17T02:57:40Z,subscribed,Team,99,On-prem
100000511,2024-09-18T01:08:38Z,subscribed,Team,99,SaaS
100000657,2024-09-18T14:13:09Z,subscribed,Team,99,SaaS
100000601,2024-09-19T20:54:07Z,subscribed,Team,99,On-prem
100000378,2024-09-19T00:03:05Z,subscribed,Team,99,SaaS
100000636,2024-09-20T14:42:03Z,subscribed,Business,-209,On-prem
100000557,2024-09-20T01:40:33Z,subscribed,Business,399,SaaS
100000551,2024-09-21T15:04:04Z,subscribed,Business,399,SaaS
100000523,2024-09-21T11:22:21Z,subscribed,Team,99,SaaS
100000472,2024-09-22T09:22:44Z,subscribed,Business,0,SaaS
100000495,2024-09-22T06:17:20Z,subscribed,Business,399,SaaS
100000217,2024-09-23T20:21:24Z,subscribed,Team,99,On-prem
100000469,2024-09-23T16:56:35Z,subscribed,Business,399,SaaS
100000619,2024-09-24T20:41:28Z,subscribed,Team,99,SaaS
100000514,2024-09-24T19:07:49Z,subscribed,Business,399,On-prem
100000603,2024-09-25T15:59:48Z,subscribed,Business,-193,SaaS
100000214,2024-09-25T10:16:39Z,subscribed,Team,99,On-prem
100000589,2024-09-26T14:21:12Z,subscribed,Team,99,SaaS
100000433,2024-09-26T04:56:00Z,subscribed,Business,399,SaaS
100000617,2024-09-27T06:42:09Z,subscribed,Team,99,On-prem
100000434,2024-09-27T01:11:40Z,subscribed,Team,99,On-prem
100000177,2024-09-28T11:20:12Z,subscribed,Team,0,On-prem
100000596,2024-09-28T10:18:53Z,subscribed,Team,99,On-prem
100000305,2024-09-29T00:56:19Z,subscribed,Team,99,On-prem
100000274,2024-09-29T23:42:27Z,subscribed,Team,99,On-prem
100000160,2024-09-30T22:38:11Z,subscribed,Team,99,SaaS
100000516,2024-10-01T05:23:53Z,subscribed,Business,399,SaaS
100000427,2024-10-01T08:43:08Z,subscribed,Team,99,On-prem
100000583,2024-10-02T02:15:27Z,subscribed,Business,399,SaaS
100000701,2024-10-02T20:47:48Z,subscribed,Business,399,On-prem
100000475,2024-10-03T08:47:27Z,subscribed,Business,399,On-prem
100000664,2024-10-03T20:55:22Z,subscribed,Business,399,On-prem
100000702,2024-10-04T20:51:28Z,subscribed,Team,99,On-prem
100000474,2024-10-04T01:26:25Z,subscribed,Team,99,On-prem
100000570,2024-10-05T09:57:45Z,subscribed,Team,0,SaaS
100000500,2024-10-05T00:06:44Z,subscribed,Business,399,On-prem
100000497,2024-10-06T05:11:38Z,subscribed,Team,99,On-prem
100000430,2024-10-06T05:24:27Z,subscribed,Team,99,On-prem
100000457,2024-10-07T00:27:24Z,subscribed,Team,99,SaaS
100000705,2024-10-07T20:25:13Z,subscribed,Business,399,On-prem
100000644,2024-10-08T05:16:01Z,subscribed,Team,-8,SaaS
100000295,2024-10-08T17:30:46Z,subscribed,Team,99,SaaS
100000512,2024-10-09T01:08:33Z,subscribed,Business,-662,SaaS
100000416,2024-10-10T13:25:25Z,subscribed,Team,99,On-prem
100000708,2024-10-10T04:22:47Z,subscribed,Business,399,SaaS
100000696,2024-10-10T22:55:50Z,subscribed,Business,399,SaaS
100000541,2024-10-11T01:37:40Z,subscribed,Team,99,SaaS
100000180,2024-10-11T16:52:04Z,subscribed,Team,99,SaaS
100000741,2024-10-12T11:28:13Z,subscribed,Business,0,SaaS
100000448,2024-10-12T18:00:13Z,subscribed,Business,399,On-prem
100000057,2024-10-13T12:02:14Z,subscribed,Business,399,SaaS
100000499,2024-10-14T10:51:41Z,subscribed,Team,99,On-prem
100000607,2024-10-14T19:26:17Z,subscribed,Team,99,SaaS
100000564,2024-10-15T12:11:18Z,subscribed,Team,99,SaaS
100000496,2024-10-15T05:38:35Z,subscribed,Team,99,SaaS
100000670,2024-10-16T16:52:57Z,subscribed,Team,99,On-prem
100000304,2024-10-16T18:55:06Z,subscribed,Team,99,SaaS
100000385,2024-10-17T09:50:23Z,subscribed,Team,99,SaaS
100000534,2024-10-17T21:58:24Z,subscribed,Business,399,On-prem
100000756,2024-10-17T10:53:22Z,subscribed,Business,399,SaaS
100000746,2024-10-18T03:02:28Z,subscribed,Business,399,On-prem
100000743,2024-10-18T06:36:57Z,subscribed,Business,399,On-prem
100000747,2024-10-18T16:51:41Z,subscribed,Business,399,On-prem
100000769,2024-10-19T14:23:47Z,subscribed,Business,399,On-prem
100000419,2024-10-19T12:57:33Z,subscribed,Team,99,SaaS
100000771,2024-10-20T02:39:04Z,subscribed,Team,99,On-prem
100000526,2024-10-20T02:23:51Z,subscribed,Business,399,On-prem
100000348,2024-10-21T18:09:04Z,subscribed,Team,99,On-prem
100000587,2024-10-21T01:05:30Z,subscribed,Team,99,On-prem
100000465,2024-10-22T03:21:37Z,subscribed,Team,99,SaaS
100000755,2024-10-22T20:36:38Z,subscribed,Team,99,On-prem
100000689,2024-10-23T18:53:34Z,subscribed,Team,99,SaaS
100000296,2024-10-23T07:14:08Z,subscribed,Business,399,On-prem
100000669,2024-10-24T09:50:03Z,subscribed,Business,399,SaaS
100000261,2024-10-25T10:39:20Z,subscribed,Business,399,On-prem
100000149,2024-10-25T16:17:46Z,subscribed,Business,399,On-prem
100000678,2024-10-26T00:39:53Z,subscribed,Team,99,On-prem
100000484,2024-10-26T16:23:58Z,subscribed,Business,399,On-prem
100000728,2024-10-27T20:59:33Z,subscribed,Business,399,On-prem
100000812,2024-10-28T18:07:34Z,subscribed,Business,-35,SaaS
100000637,2024-10-28T01:34:47Z,subscribed,Business,399,On-prem
100000313,2024-10-29T05:03:09Z,subscribed,Business,0,On-prem
100000405,2024-10-29T23:10:05Z,subscribed,Team,99,On-prem
100000783,2024-10-30T12:21:47Z,subscribed,Team,99,SaaS
100000189,2024-10-30T05:26:41Z,subscribed,Team,99,On-prem
100000719,2024-10-31T09:48:12Z,subscribed,Business,399,SaaS
100000609,2024-10-31T11:30:32Z,subscribed,Business,399,SaaS
100000580,2024-11-01T01:29:03Z,subscribed,Business,399,SaaS
100000699,2024-11-01T04:17:50Z,subscribed,Business,399,SaaS
100000673,2024-11-02T06:40:58Z,subscribed,Team,99,On-prem
100000597,2024-11-03T04:39:08Z,subscribed,Business,399,SaaS
100000671,2024-11-03T19:24:53Z,subscribed,Business,399,On-prem
100000202,2024-11-04T07:48:07Z,subscribed,Team,99,On-prem
100000130,2024-11-04T10:12:00Z,subscribed,Business,399,On-prem
100000572,2024-11-05T22:14:21Z,subscribed,Team,99,On-prem
100000632,2024-11-06T15:10:35Z,subscribed,Business,399,On-prem
100000451,2024-11-07T09:25:47Z,subscribed,Team,99,On-prem
100000723,2024-11-07T11:25:51Z,subscribed,Business,399,On-prem
100000444,2024-11-08T10:50:22Z,subscribed,Business,399,On-prem
100000178,2024-11-08T13:45:33Z,subscribed,Team,99,On-prem
100000706,2024-11-09T03:09:36Z,subscribed,Team,99,SaaS
100000700,2024-11-10T04:40:24Z,subscribed,Business,399,On-prem
100000813,2024-11-10T00:31:41Z,subscribed,Team,99,On-prem
100000760,2024-11-11T03:07:30Z,subscribed,Business,399,SaaS
100000493,2024-11-11T19:11:00Z,subscribed,Business,399,SaaS
100000791,2024-11-12T15:38:43Z,subscribed,Business,0,SaaS
100000641,2024-11-12T04:04:18Z,subscribed,Team,99,SaaS
100000851,2024-11-12T10:32:40Z,subscribed,Team,99,On-prem
100000837,2024-11-13T11:28:53Z,subscribed,Business,399,SaaS
100000592,2024-11-13T19:56:01Z,subscribed,Business,399,On-prem
100000877,2024-11-13T14:25:06Z,subscribed,Business,399,SaaS
100000532,2024-11-14T18:25:31Z,subscribed,Team,99,SaaS
100000481,2024-11-14T05:40:57Z,subscribed,Business,399,SaaS
100000852,2024-11-15T08:38:41Z,subscribed,Business,399,On-prem
100000680,2024-11-15T13:14:08Z,subscribed,Business,399,On-prem
100000785,2024-11-16T07:39:20Z,subscribed,Team,-254,SaaS
100000391,2024-11-16T00:43:27Z,subscribed,Business,399,On-prem
100000698,2024-11-17T07:53:24Z,subscribed,Business,399,SaaS
100000666,2024-11-17T00:35:18Z,subscribed,Business,399,SaaS
100000722,2024-11-18T10:16:07Z,subscribed,Business,399,On-prem
100000482,2024-11-18T09:53:40Z,subscribed,Team,99,SaaS
100000656,2024-11-19T05:20:40Z,subscribed,Team,99,SaaS
100000822,2024-11-19T01:07:26Z,subscribed,Team,99,SaaS
100000757,2024-11-20T10:04:18Z,subscribed,Team,99,On-prem
100000059,2024-11-20T02:20:46Z,subscribed,Team,99,On-prem
100000797,2024-11-21T01:36:54Z,subscribed,Business,399,On-prem
100000828,2024-11-22T00:19:53Z,subscribed,Business,399,On-prem
100000424,2024-11-22T10:55:55Z,subscribed,Team,99,On-prem
100000675,2024-11-23T11:51:28Z,subscribed,Team,0,On-prem
100000805,2024-11-23T00:14:10Z,subscribed,Business,399,SaaS
100000073,2024-11-24T18:54:27Z,subscribed,Business,399,On-prem
100000731,2024-11-24T07:41:04Z,subscribed,Business,399,SaaS
100000658,2024-11-25T03:47:00Z,subscribed,Team,99,On-prem
100000713,2024-11-25T06:36:04Z,subscribed,Business,399,On-prem
100000443,2024-11-26T14:14:55Z,subscribed,Business,399,On-prem
100000765,2024-11-26T01:15:42Z,subscribed,Business,399,On-prem
100000807,2024-11-27T15:19:13Z,subscribed,Business,399,On-prem
100000710,2024-11-27T01:46:57Z,subscribed,Team,99,SaaS
100000486,2024-11-27T19:19:04Z,subscribed,Business,399,SaaS
100000518,2024-11-28T23:27:32Z,subscribed,Team,99,On-prem
100000868,2024-11-28T08:53:40Z,subscribed,Team,99,SaaS
100000786,2024-11-29T14:36:11Z,subscribed,Business,399,On-prem
100000799,2024-11-29T13:13:28Z,subscribed,Business,399,SaaS
100000615,2024-11-30T15:55:44Z,subscribed,Team,99,On-prem
100000630,2024-11-30T07:36:18Z,subscribed,Business,399,SaaS
100000552,2024-12-01T15:30:42Z,subscribed,Team,99,On-prem
100000501,2024-12-01T14:41:04Z,subscribed,Business,399,On-prem
100000522,2024-12-02T04:09:12Z,subscribed,Business,399,SaaS
100000709,2024-12-02T00:03:00Z,subscribed,Team,99,On-prem
100000890,2024-12-03T08:57:59Z,subscribed,Team,99,On-prem
100000399,2024-12-03T16:39:24Z,subscribed,Business,399,SaaS
100000662,2024-12-04T08:48:32Z,subscribed,Business,399,On-prem
100000885,2024-12-04T16:36:44Z,subscribed,Business,399,SaaS
100000549,2024-12-05T13:21:26Z,subscribed,Business,399,SaaS
100000441,2024-12-05T16:35:13Z,subscribed,Business,399,SaaS
100000627,2024-12-05T17:20:47Z,subscribed,Team,99,SaaS
100000421,2024-12-06T05:55:39Z,subscribed,Business,399,SaaS
100000367,2024-12-06T23:14:50Z,subscribed,Business,399,SaaS
100000431,2024-12-07T22:40:11Z,subscribed,Team,99,SaaS
100000404,2024-12-07T12:20:30Z,subscribed,Business,399,On-prem
100000732,2024-12-08T08:17:44Z,subscribed,Team,99,On-prem
100000545,2024-12-09T13:27:34Z,subscribed,Business,399,On-prem
100000477,2024-12-09T14:30:27Z,subscribed,Business,399,SaaS
100000502,2024-12-10T13:13:00Z,subscribed,Business,399,SaaS
100000584,2024-12-10T18:22:03Z,subscribed,Team,99,SaaS
100000897,2024-12-11T19:24:11Z,subscribed,Team,99,On-prem
100000638,2024-12-11T17:17:50Z,subscribed,Business,399,On-prem
100000721,2024-12-12T11:41:00Z,subscribed,Business,-678,On-prem
100000623,2024-12-12T14:11:51Z,subscribed,Team,99,On-prem
100000898,2024-12-13T03:32:36Z,subscribed,Business,-956,SaaS
100000440,2024-12-13T14:26:51Z,subscribed,Business,399,On-prem
100000560,2024-12-14T12:55:02Z,subscribed,Team,99,On-prem
100000955,2024-12-14T01:20:06Z,subscribed,Team,99,On-prem
100000873,2024-12-15T06:49:17Z,subscribed,Business,399,On-prem
100000902,2024-12-15T17:41:59Z,subscribed,Business,399,On-prem
100000834,2024-12-16T03:14:03Z,subscribed,Team,99,On-prem
100000373,2024-12-16T11:58:12Z,subscribed,Business,399,SaaS
100000871,2024-12-17T05:42:50Z,subscribed,Team,99,SaaS
100000853,2024-12-18T01:08:30Z,subscribed,Team,99,On-prem
100000321,2024-12-18T10:39:21Z,subscribed,Business,399,On-prem
100000529,2024-12-19T01:46:39Z,subscribed,Business,399,On-prem
100000808,2024-12-19T10:04:31Z,subscribed,Team,99,On-prem
100000804,2024-12-20T21:58:38Z,subscribed,Business,-561,On-prem
100000685,2024-12-20T20:01:40Z,subscribed,Team,99,On-prem
100000476,2024-12-21T16:02:55Z,subscribed,Business,399,SaaS
100001035,2024-12-21T15:27:18Z,subscribed,Team,99,SaaS
100000621,2024-12-22T20:04:13Z,subscribed,Team,99,SaaS
100000745,2024-12-22T09:20:16Z,subscribed,Team,99,SaaS
100000539,2024-12-23T04:56:21Z,subscribed,Team,99,SaaS
100000389,2024-12-23T02:55:37Z,subscribed,Business,399,On-prem
100000113,2024-12-24T01:46:07Z,subscribed,Team,-540,SaaS
100000594,2024-12-24T08:11:03Z,subscribed,Business,399,SaaS
100000761,2024-12-25T08:08:13Z,subscribed,Team,99,On-prem
100000412,2024-12-25T09:25:13Z,subscribed,Business,399,SaaS
100001043,2024-12-26T13:09:23Z,subscribed,Business,-875,On-prem
100000225,2024-12-26T07:39:25Z,subscribed,Team,99,On-prem
100000267,2024-12-27T04:30:56Z,subscribed,Team,99,SaaS
100000716,2024-12-27T23:09:10Z,subscribed,Business,399,SaaS
100000895,2024-12-28T23:21:44Z,subscribed,Team,-1,SaaS
100000803,2024-12-28T16:08:09Z,subscribed,Business,399,SaaS
100000960,2024-12-29T01:23:32Z,subscribed,Business,399,On-prem
100000492,2024-12-30T00:08:07Z,subscribed,Team,99,On-prem
100000363,2024-12-30T10:59:16Z,subscribed,Team,99,SaaS
100000620,2024-12-30T14:02:41Z,subscribed,Team,99,On-prem
100000310,2024-12-31T00:34:43Z,subscribed,Team,99,On-prem
100000488,2024-12-31T22:37:40Z,subscribed,Business,399,SaaS
100000856,2025-01-01T02:54:53Z,subscribed,Team,99,On-prem
100000888,2025-01-01T18:59:02Z,subscribed,Team,99,On-prem
100001066,2025-01-02T08:31:57Z,subscribed,Team,99,On-prem
100001045,2025-01-02T16:53:39Z,subscribed,Team,99,On-prem
100000789,2025-01-03T10:22:09Z,subscribed,Business,399,On-prem
100000726,2025-01-03T22:01:47Z,subscribed,Team,99,On-prem
100000410,2025-01-04T16:44:11Z,subscribed,Team,99,On-prem
100000681,2025-01-04T07:29:43Z,subscribed,Business,399,SaaS
100000917,2025-01-05T20:20:29Z,subscribed,Team,99,SaaS
100000752,2025-01-05T23:35:27Z,subscribed,Team,99,SaaS
100001005,2025-01-06T08:27:11Z,subscribed,Team,99,On-prem
100000401,2025-01-06T17:21:24Z,subscribed,Team,99,On-prem
100001069,2025-01-07T17:43:17Z,subscribed,Business,399,On-prem
100000748,2025-01-07T22:31:57Z,subscribed,Business,399,SaaS
100000772,2025-01-08T08:30:24Z,subscribed,Team,99,SaaS
100000730,2025-01-08T07:19:29Z,subscribed,Team,99,SaaS
100000883,2025-01-09T22:01:45Z,subscribed,Team,99,On-prem
100000317,2025-01-09T23:56:19Z,subscribed,Business,399,SaaS
100000964,2025-01-10T04:38:20Z,subscribed,Business,399,SaaS
100001084,2025-01-10T15:19:56Z,subscribed,Business,399,On-prem
100000578,2025-01-11T05:29:48Z,subscribed,Business,-959,SaaS
100001107,2025-01-11T17:56:04Z,subscribed,Business,399,On-prem
100001083,2025-01-12T11:40:05Z,subscribed,Team,99,On-prem
100000929,2025-01-12T16:02:23Z,subscribed,Business,399,On-prem
100001082,2025-01-13T06:26:39Z,subscribed,Business,399,SaaS
100000818,2025-01-13T02:23:33Z,subscribed,Business,399,SaaS
100000999,2025-01-14T22:21:04Z,subscribed,Business,399,On-prem
100001101,2025-01-14T08:16:17Z,subscribed,Business,399,On-prem
100001081,2025-01-15T14:02:33Z,subscribed,Business,399,On-prem
100000987,2025-01-15T17:29:59Z,subscribed,Business,399,On-prem
100001000,2025-01-16T05:49:43Z,subscribed,Business,399,SaaS
100001032,2025-01-16T15:53:25Z,subscribed,Business,399,SaaS
100000408,2025-01-17T21:51:15Z,subscribed,Business,399,On-prem
100000952,2025-01-17T21:41:32Z,subscribed,Business,399,SaaS
100000989,2025-01-18T04:21:05Z,subscribed,Team,99,On-prem
100001025,2025-01-18T05:50:34Z,subscribed,Business,399,SaaS
100000540,2025-01-19T14:21:10Z,subscribed,Business,399,On-prem
100000806,2025-01-19T06:07:55Z,subscribed,Business,399,SaaS
100000961,2025-01-19T03:16:52Z,subscribed,Team,99,SaaS
100001040,2025-01-20T13:14:53Z,subscribed,Team,99,SaaS
100001003,2025-01-21T22:50:02Z,subscribed,Team,99,On-prem
100000985,2025-01-21T14:11:32Z,subscribed,Team,99,SaaS
100000550,2025-01-21T01:59:22Z,subscribed,Business,399,On-prem
100000272,2025-01-22T22:02:38Z,subscribed,Team,99,SaaS
100000790,2025-01-22T19:39:00Z,subscribed,Team,99,On-prem
100000889,2025-01-22T09:37:06Z,subscribed,Team,99,On-prem
100001163,2025-01-23T16:38:21Z,subscribed,Business,399,On-prem
100000992,2025-01-23T03:27:51Z,subscribed,Team,99,On-prem
100000801,2025-01-24T13:18:16Z,subscribed,Business,399,SaaS
100000994,2025-01-24T00:11:23Z,subscribed,Team,99,On-prem
100000344,2025-01-25T22:53:55Z,subscribed,Business,399,On-prem
100000610,2025-01-25T03:54:50Z,subscribed,Business,399,SaaS
100001127,2025-01-26T02:20:34Z,subscribed,Business,399,SaaS
100000860,2025-01-26T21:56:57Z,subscribed,Business,399,SaaS
100000872,2025-01-27T06:53:55Z,subscribed,Team,99,On-prem
100001038,2025-01-27T20:17:03Z,subscribed,Business,399,SaaS
100000737,2025-01-28T12:46:29Z,subscribed,Business,399,SaaS
100001149,2025-01-28T21:25:14Z,subscribed,Business,399,On-prem
100000896,2025-01-29T17:50:24Z,subscribed,Team,-892,SaaS
100001137,2025-01-29T22:32:17Z,subscribed,Business,399,On-prem
100001052,2025-01-30T22:35:51Z,subscribed,Team,99,SaaS
100000602,2025-01-30T00:52:16Z,subscribed,Team,99,On-prem
100000899,2025-01-31T13:53:25Z,subscribed,Team,99,SaaS
100000417,2025-01-31T20:44:06Z,subscribed,Business,399,On-prem
100000863,2025-02-01T12:05:52Z,subscribed,Business,399,SaaS
100001087,2025-02-01T04:22:44Z,subscribed,Team,99,SaaS
100001198,2025-02-02T13:24:06Z,subscribed,Team,99,On-prem
100000963,2025-02-02T21:38:54Z,subscribed,Team,99,On-prem
100000879,2025-02-03T15:20:43Z,subscribed,Team,99,On-prem
100000076,2025-02-04T16:01:58Z,subscribed,Team,-354,On-prem
100001033,2025-02-04T23:27:28Z,subscribed,Business,399,SaaS
100000473,2025-02-05T18:54:40Z,subscribed,Team,0,SaaS
100001055,2025-02-06T08:20:00Z,subscribed,Team,99,On-prem
100000452,2025-02-06T16:05:23Z,subscribed,Team,99,SaaS
100000754,2025-02-07T23:57:55Z,subscribed,Business,399,On-prem
100001124,2025-02-07T03:17:07Z,subscribed,Business,399,On-prem
100000997,2025-02-08T13:14:06Z,subscribed,Team,99,SaaS
100000862,2025-02-08T23:27:55Z,subscribed,Team,99,SaaS
100000925,2025-02-09T23:00:29Z,subscribed,Team,0,On-prem
100000397,2025-02-09T13:42:41Z,subscribed,Business,399,SaaS
100000740,2025-02-10T02:32:35Z,subscribed,Team,99,On-prem
100001030,2025-02-10T23:28:41Z,subscribed,Team,99,On-prem
100000097,2025-02-11T01:53:24Z,subscribed,Team,99,On-prem
100000972,2025-02-11T01:17:52Z,subscribed,Business,399,On-prem
100001153,2025-02-12T11:00:05Z,subscribed,Team,99,SaaS
100000650,2025-02-12T05:02:41Z,subscribed,Business,399,SaaS
100001041,2025-02-13T13:23:27Z,subscribed,Business,-616,SaaS
100001067,2025-02-13T08:34:22Z,subscribed,Team,99,SaaS
100000893,2025-02-14T00:37:29Z,subscribed,Business,399,SaaS
100000618,2025-02-14T21:30:15Z,subscribed,Team,99,On-prem
100000945,2025-02-15T01:42:43Z,subscribed,Team,99,SaaS
100000875,2025-02-15T13:55:39Z,subscribed,Business,399,SaaS
100000663,2025-02-15T14:40:28Z,subscribed,Business,399,SaaS
100001158,2025-02-16T11:48:51Z,subscribed,Business,-394,On-prem
100000738,2025-02-16T08:55:02Z,subscribed,Team,99,On-prem
100001053,2025-02-17T20:50:36Z,subscribed,Team,99,SaaS
100001206,2025-02-17T08:22:32Z,subscribed,Team,99,SaaS
100000725,2025-02-18T13:40:51Z,subscribed,Business,-293,SaaS
100000926,2025-02-18T08:08:36Z,subscribed,Team,99,On-prem
100000782,2025-02-19T13:05:17Z,subscribed,Business,399,On-prem
100001164,2025-02-19T18:17:51Z,subscribed,Team,99,On-prem
100000773,2025-02-20T00:31:33Z,subscribed,Business,399,SaaS
100001273,2025-02-20T15:59:01Z,subscribed,Business,399,SaaS
100000914,2025-02-21T10:45:30Z,subscribed,Business,399,On-prem
100000870,2025-02-21T08:45:27Z,subscribed,Team,99,SaaS
100000350,2025-02-22T02:03:26Z,subscribed,Team,-420,SaaS
100001129,2025-02-22T19:53:37Z,subscribed,Business,399,On-prem
100000300,2025-02-23T15:30:14Z,subscribed,Business,399,On-prem
100000677,2025-02-23T17:15:11Z,subscribed,Business,399,On-prem
100000461,2025-02-24T16:25:17Z,subscribed,Business,399,SaaS
100001295,2025-02-24T13:14:58Z,subscribed,Team,99,SaaS
100001018,2025-02-25T00:18:34Z,subscribed,Team,99,SaaS
100000694,2025-02-25T23:15:10Z,subscribed,Team,99,On-prem
100000384,2025-02-26T21:13:31Z,subscribed,Team,99,On-prem
100000471,2025-02-26T10:40:03Z,subscribed,Business,399,SaaS
100001077,2025-02-27T08:26:25Z,subscribed,Business,-674,SaaS
100000980,2025-02-27T00:07:09Z,subscribed,Business,399,On-prem
100000921,2025-02-28T18:44:45Z,subscribed,Team,99,On-prem
100000937,2025-02-28T08:57:33Z,subscribed,Team,99,SaaS
100001134,2025-03-01T12:38:36Z,subscribed,Team,99,SaaS
100001058,2025-03-01T17:47:54Z,subscribed,Business,399,On-prem
100000735,2025-03-02T01:44:41Z,subscribed,Business,399,SaaS
100000777,2025-03-02T23:58:57Z,subscribed,Business,399,SaaS
100000642,2025-03-03T05:21:47Z,subscribed,Business,399,On-prem
100001115,2025-03-03T12:16:48Z,subscribed,Team,99,SaaS
100000986,2025-03-03T03:41:28Z,subscribed,Team,99,On-prem
100001235,2025-03-04T03:23:24Z,subscribed,Business,399,On-prem
100001238,2025-03-04T06:24:09Z,subscribed,Team,99,On-prem
100001291,2025-03-05T02:03:10Z,subscribed,Team,99,On-prem
100001063,2025-03-05T20:54:00Z,subscribed,Team,99,SaaS
100001096,2025-03-06T13:42:19Z,subscribed,Team,99,On-prem
100001200,2025-03-06T08:17:14Z,subscribed,Business,399,SaaS
100001024,2025-03-07T03:06:43Z,subscribed,Team,-804,SaaS
100001088,2025-03-08T03:42:26Z,subscribed,Team,99,SaaS
100000485,2025-03-08T10:30:05Z,subscribed,Team,99,SaaS
100001234,2025-03-08T16:26:08Z,subscribed,Team,99,On-prem
100001259,2025-03-09T14:30:02Z,subscribed,Business,399,SaaS
100000517,2025-03-09T02:10:41Z,subscribed,Business,399,SaaS
100001012,2025-03-10T01:50:16Z,subscribed,Business,399,On-prem
100001092,2025-03-11T06:34:42Z,subscribed,Business,399,On-prem
100000811,2025-03-11T20:33:30Z,subscribed,Business,399,SaaS
100001289,2025-03-12T01:53:53Z,subscribed,Team,-115,On-prem
100001341,2025-03-12T09:04:42Z,subscribed,Business,399,SaaS
100000197,2025-03-13T01:28:38Z,subscribed,Business,399,SaaS
100000932,2025-03-13T05:35:45Z,subscribed,Team,99,SaaS
100001199,2025-03-14T15:24:13Z,subscribed,Team,99,On-prem
100000974,2025-03-14T15:35:21Z,subscribed,Business,399,On-prem
100001136,2025-03-15T09:17:41Z,subscribed,Business,399,SaaS
100001303,2025-03-16T10:05:25Z,subscribed,Team,99,SaaS
100001373,2025-03-16T15:07:25Z,subscribed,Business,399,On-prem
100000720,2025-03-17T20:20:37Z,subscribed,Team,99,On-prem
100001165,2025-03-17T21:49:28Z,subscribed,Business,399,On-prem
100000758,2025-03-18T13:32:33Z,subscribed,Team,99,SaaS
100001159,2025-03-18T17:32:39Z,subscribed,Team,99,On-prem
100001332,2025-03-19T08:10:38Z,subscribed,Team,99,SaaS
100000683,2025-03-19T14:29:42Z,subscribed,Team,99,SaaS
100000142,2025-03-20T19:37:53Z,subscribed,Business,399,On-prem
100000824,2025-03-20T07:07:15Z,subscribed,Team,99,SaaS
100001019,2025-03-21T15:45:02Z,subscribed,Team,99,On-prem
100001123,2025-03-22T16:20:45Z,subscribed,Business,399,On-prem
100001100,2025-03-22T14:31:50Z,subscribed,Business,399,On-prem
100000188,2025-03-23T00:32:14Z,subscribed,Business,399,SaaS
100001204,2025-03-24T01:31:32Z,subscribed,Business,399,On-prem
100000793,2025-03-25T17:49:16Z,subscribed,Business,399,On-prem
100000939,2025-03-25T15:21:54Z,subscribed,Business,399,On-prem
100001177,2025-03-26T07:02:03Z,subscribed,Team,99,SaaS
100001340,2025-03-26T00:32:03Z,subscribed,Business,399,SaaS
100000714,2025-03-27T10:55:02Z,subscribed,Business,399,SaaS
100000724,2025-03-27T02:30:32Z,subscribed,Team,99,On-prem
100001394,2025-03-28T15:18:51Z,subscribed,Team,99,On-prem
100000576,2025-03-28T12:16:38Z,subscribed,Business,399,On-prem
100001130,2025-03-29T15:22:47Z,subscribed,Business,399,SaaS
100001228,2025-03-29T23:25:46Z,subscribed,Business,399,SaaS
100000965,2025-03-29T13:13:18Z,subscribed,Business,399,On-prem
100001064,2025-03-30T07:21:02Z,subscribed,Team,99,SaaS
100001404,2025-03-30T08:59:11Z,subscribed,Team,99,On-prem
100000403,2025-03-31T00:47:16Z,subscribed,Team,99,On-prem
100001065,2025-03-31T09:25:32Z,subscribed,Team,99,On-prem
100001061,2025-04-01T07:41:33Z,subscribed,Team,99,On-prem
100000838,2025-04-01T07:15:15Z,subscribed,Business,399,SaaS
100000841,2025-04-02T05:14:38Z,subscribed,Team,99,SaaS
100000819,2025-04-02T06:03:46Z,subscribed,Business,399,SaaS
100000809,2025-04-03T02:25:04Z,subscribed,Business,399,On-prem
100001318,2025-04-03T15:25:58Z,subscribed,Team,99,On-prem
100000928,2025-04-03T21:52:34Z,subscribed,Team,99,On-prem
100000563,2025-04-04T12:47:22Z,subscribed,Business,-953,SaaS
100000763,2025-04-04T01:29:42Z,subscribed,Business,399,SaaS
100001260,2025-04-05T06:08:10Z,subscribed,Team,99,On-prem
100000679,2025-04-05T18:38:10Z,subscribed,Team,99,SaaS
100001431,2025-04-06T07:55:45Z,subscribed,Team,0,On-prem
100001255,2025-04-06T19:42:42Z,subscribed,Team,99,On-prem
100000345,2025-04-06T16:55:43Z,subscribed,Business,399,On-prem
100000346,2025-04-07T20:23:55Z,subscribed,Business,399,SaaS
100000792,2025-04-07T10:33:37Z,subscribed,Business,399,On-prem
100001220,2025-04-08T12:45:15Z,subscribed,Team,-535,SaaS
100001132,2025-04-08T16:42:58Z,subscribed,Team,99,SaaS
100000830,2025-04-09T13:56:50Z,subscribed,Team,99,On-prem
100001048,2025-04-09T21:14:15Z,subscribed,Team,99,SaaS
100001242,2025-04-10T12:18:44Z,subscribed,Team,99,SaaS
100001302,2025-04-10T10:38:50Z,subscribed,Business,399,SaaS
100000464,2025-04-11T10:22:56Z,subscribed,Team,99,SaaS
100000559,2025-04-11T11:34:38Z,subscribed,Business,399,SaaS
100001161,2025-04-12T18:37:29Z,subscribed,Team,99,On-prem
100000874,2025-04-12T08:54:41Z,subscribed,Team,99,On-prem
100000784,2025-04-13T17:39:58Z,subscribed,Business,399,SaaS
100001256,2025-04-13T03:56:35Z,subscribed,Business,399,On-prem
100000750,2025-04-13T03:23:02Z,subscribed,Team,99,On-prem
100001320,2025-04-14T11:24:22Z,subscribed,Team,-813,SaaS
100001380,2025-04-14T19:30:21Z,subscribed,Team,99,On-prem
100000847,2025-04-15T11:19:33Z,subscribed,Team,99,SaaS
100001036,2025-04-15T09:47:12Z,subscribed,Team,99,On-prem
100001128,2025-04-16T13:27:02Z,subscribed,Team,99,SaaS
100001355,2025-04-16T04:07:47Z,subscribed,Team,99,SaaS
100000821,2025-04-17T01:44:12Z,subscribed,Team,99,On-prem
100000382,2025-04-18T04:09:50Z,subscribed,Team,99,SaaS
100001391,2025-04-18T06:10:14Z,subscribed,Business,399,SaaS
100000645,2025-04-18T14:36:09Z,subscribed,Team,99,On-prem
100000533,2025-04-19T03:06:31Z,subscribed,Business,399,On-prem
100001513,2025-04-19T13:26:09Z,subscribed,Business,399,SaaS
100001450,2025-04-20T04:12:39Z,subscribed,Business,399,SaaS
100000849,2025-04-20T11:27:52Z,subscribed,Business,399,On-prem
100000479,2025-04-21T13:00:07Z,subscribed,Team,99,SaaS
100000537,2025-04-21T18:44:22Z,subscribed,Team,99,SaaS
100001329,2025-04-22T15:07:24Z,subscribed,Business,0,On-prem
100001275,2025-04-22T08:20:58Z,subscribed,Business,399,On-prem
100001179,2025-04-23T05:37:26Z,subscribed,Business,399,SaaS
100000857,2025-04-23T17:31:39Z,subscribed,Team,99,SaaS
100001336,2025-04-24T20:15:06Z,subscribed,Business,-639,SaaS
100000682,2025-04-24T19:22:33Z,subscribed,Team,99,On-prem
100001396,2025-04-25T00:04:34Z,subscribed,Business,399,SaaS
100001333,2025-04-25T14:37:21Z,subscribed,Team,99,On-prem
100000613,2025-04-26T01:51:31Z,subscribed,Business,399,SaaS
100001386,2025-04-26T11:36:08Z,subscribed,Team,99,SaaS
100000220,2025-04-27T02:49:36Z,subscribed,Business,399,SaaS
100001277,2025-04-27T13:50:11Z,subscribed,Business,399,SaaS
100001512,2025-04-27T19:39:05Z,subscribed,Team,99,On-prem
100000831,2025-04-28T10:23:29Z,subscribed,Team,99,SaaS
100001479,2025-04-28T06:57:02Z,subscribed,Business,399,On-prem
100000901,2025-04-29T01:36:37Z,subscribed,Business,399,SaaS
100000918,2025-04-29T03:58:54Z,subscribed,Team,99,SaaS
100001339,2025-04-30T07:46:38Z,subscribed,Business,399,SaaS
100000727,2025-04-30T05:16:59Z,subscribed,Business,399,SaaS
100001016,2025-05-01T00:08:23Z,subscribed,Team,99,On-prem
100001197,2025-05-01T17:53:30Z,subscribed,Team,99,SaaS
100000463,2025-05-02T07:35:14Z,subscribed,Business,399,On-prem
100000909,2025-05-02T18:47:00Z,subscribed,Team,99,SaaS
100001299,2025-05-03T21:12:19Z,subscribed,Team,-482,On-prem
100001505,2025-05-03T16:20:35Z,subscribed,Business,399,SaaS
100001566,2025-05-04T13:50:50Z,subscribed,Team,99,On-prem
100001190,2025-05-04T14:54:36Z,subscribed,Business,399,SaaS
100001103,2025-05-05T15:11:36Z,subscribed,Team,-39,SaaS
100000718,2025-05-05T18:54:46Z,subscribed,Team,99,On-prem
100000340,2025-05-06T23:05:35Z,subscribed,Team,-591,SaaS
100001210,2025-05-06T19:02:22Z,subscribed,Team,99,SaaS
100001342,2025-05-07T06:25:03Z,subscribed,Business,399,SaaS
100000674,2025-05-07T05:42:49Z,subscribed,Team,99,On-prem
100000887,2025-05-08T13:35:22Z,subscribed,Business,399,SaaS
100001054,2025-05-08T03:59:30Z,subscribed,Business,399,SaaS
100001133,2025-05-09T08:48:49Z,subscribed,Business,399,On-prem
100000843,2025-05-09T10:39:56Z,subscribed,Team,99,SaaS
100000798,2025-05-10T19:04:07Z,subscribed,Business,399,SaaS
100001243,2025-05-10T04:17:11Z,subscribed,Team,99,SaaS
100000906,2025-05-11T18:20:00Z,subscribed,Business,399,On-prem
100001108,2025-05-11T09:57:35Z,subscribed,Business,399,On-prem
100000573,2025-05-12T04:11:52Z,subscribed,Business,399,SaaS
100000753,2025-05-12T13:54:11Z,subscribed,Team,99,On-prem
100001344,2025-05-13T15:44:26Z,subscribed,Team,99,SaaS
100001584,2025-05-14T07:58:17Z,subscribed,Business,399,On-prem
100000810,2025-05-14T01:10:30Z,subscribed,Team,99,On-prem
100001208,2025-05-15T02:12:24Z,subscribed,Business,0,On-prem
100001491,2025-05-15T12:13:30Z,subscribed,Team,99,On-prem
100001323,2025-05-16T06:28:58Z,subscribed,Team,99,SaaS
100000976,2025-05-16T03:43:06Z,subscribed,Business,399,On-prem
100001368,2025-05-16T18:50:44Z,subscribed,Business,399,On-prem
100000665,2025-05-17T11:41:45Z,subscribed,Team,0,On-prem
100001112,2025-05-17T18:12:12Z,subscribed,Business,399,SaaS
100000751,2025-05-18T06:12:51Z,subscribed,Business,399,SaaS
100001559,2025-05-18T12:40:39Z,subscribed,Team,99,SaaS
100000194,2025-05-19T10:47:38Z,subscribed,Team,-991,SaaS
100001059,2025-05-19T01:00:04Z,subscribed,Business,399,On-prem
100001492,2025-05-19T18:50:54Z,subscribed,Team,99,SaaS
100001236,2025-05-20T19:42:23Z,subscribed,Team,99,On-prem
100000990,2025-05-20T11:13:45Z,subscribed,Business,399,On-prem
100000342,2025-05-20T07:15:11Z,subscribed,Business,399,On-prem
100001375,2025-05-21T14:55:35Z,subscribed,Team,0,SaaS
100001575,2025-05-21T00:35:39Z,subscribed,Team,99,SaaS
100001568,2025-05-22T01:51:44Z,subscribed,Business,399,On-prem
100000988,2025-05-22T04:12:42Z,subscribed,Team,99,SaaS
100001435,2025-05-23T09:50:25Z,subscribed,Team,99,SaaS
100000525,2025-05-23T10:13:25Z,subscribed,Team,99,SaaS
100001367,2025-05-24T20:19:49Z,subscribed,Team,99,On-prem
100001002,2025-05-24T21:36:12Z,subscribed,Team,99,On-prem
100001250,2025-05-25T21:16:31Z,subscribed,Team,99,SaaS
100000779,2025-05-25T22:51:03Z,subscribed,Team,99,SaaS
100001145,2025-05-26T17:40:23Z,subscribed,Team,99,SaaS
100001484,2025-05-27T17:57:39Z,subscribed,Team,99,On-prem
100000467,2025-05-27T01:19:43Z,subscribed,Team,99,SaaS
100000515,2025-05-28T09:47:14Z,subscribed,Business,399,SaaS
100001378,2025-05-28T18:33:13Z,subscribed,Team,99,SaaS
100001086,2025-05-29T22:49:03Z,subscribed,Business,399,SaaS
100000697,2025-05-29T20:25:00Z,subscribed,Business,399,SaaS
100001195,2025-05-30T10:40:24Z,subscribed,Team,99,On-prem
100000733,2025-05-30T07:31:45Z,subscribed,Team,99,SaaS
100000935,2025-05-30T13:33:38Z,subscribed,Business,399,SaaS
100001157,2025-05-31T21:52:28Z,subscribed,Business,-431,SaaS
100001216,2025-05-31T10:29:34Z,subscribed,Team,99,On-prem
100000766,2025-06-01T12:50:23Z,subscribed,Team,99,On-prem
100001254,2025-06-01T07:40:06Z,subscribed,Team,99,SaaS
100001353,2025-06-02T17:06:53Z,subscribed,Business,399,SaaS
100001042,2025-06-02T08:58:31Z,subscribed,Business,399,On-prem
100001542,2025-06-03T09:48:05Z,subscribed,Business,0,SaaS
100001469,2025-06-03T00:57:25Z,subscribed,Team,99,On-prem
100001563,2025-06-04T04:42:39Z,subscribed,Business,399,SaaS
100000690,2025-06-04T09:48:57Z,subscribed,Business,399,On-prem
100000508,2025-06-05T05:20:06Z,subscribed,Team,99,On-prem
100001532,2025-06-05T13:54:02Z,subscribed,Business,399,SaaS
100000306,2025-06-06T08:20:04Z,subscribed,Business,399,SaaS
100001586,2025-06-06T23:05:50Z,subscribed,Business,399,On-prem
100001114,2025-06-07T00:06:50Z,subscribed,Team,99,On-prem
100001715,2025-06-07T06:37:06Z,subscribed,Team,99,On-prem
100001673,2025-06-08T23:33:45Z,subscribed,Team,99,SaaS
100001073,2025-06-09T16:24:19Z,subscribed,Business,399,SaaS
100000923,2025-06-09T10:04:55Z,subscribed,Business,399,On-prem
100001535,2025-06-10T15:22:00Z,subscribed,Business,-752,SaaS
100001670,2025-06-10T16:54:57Z,subscribed,Business,399,On-prem
100000859,2025-06-11T21:26:20Z,subscribed,Business,399,SaaS
100001488,2025-06-11T21:06:19Z,subscribed,Business,399,SaaS
100001681,2025-06-12T21:11:12Z,subscribed,Team,0,On-prem
100001135,2025-06-12T00:20:32Z,subscribed,Team,99,SaaS
100001646,2025-06-13T05:21:46Z,subscribed,Team,99,SaaS
100001182,2025-06-13T12:15:49Z,subscribed,Business,399,SaaS
100001734,2025-06-14T17:26:11Z,subscribed,Business,399,On-prem
100000483,2025-06-14T22:11:06Z,subscribed,Business,399,SaaS
100001536,2025-06-15T06:48:13Z,subscribed,Business,399,SaaS
100001547,2025-06-15T09:15:22Z,subscribed,Team,99,On-prem
100001562,2025-06-16T18:07:13Z,subscribed,Business,-797,SaaS
100001248,2025-06-16T00:29:22Z,subscribed,Team,99,On-prem
100000655,2025-06-16T00:10:21Z,subscribed,Team,99,SaaS
100000131,2025-06-17T17:17:24Z,subscribed,Business,399,On-prem
100001745,2025-06-17T17:35:18Z,subscribed,Team,99,SaaS
100000166,2025-06-18T15:09:49Z,subscribed,Team,-309,SaaS
100001097,2025-06-18T20:33:13Z,subscribed,Team,99,SaaS
100001322,2025-06-19T04:11:01Z,subscribed,Team,99,On-prem
100000884,2025-06-19T03:31:19Z,subscribed,Business,399,On-prem
100000478,2025-06-20T00:51:11Z,subscribed,Team,99,SaaS
100000864,2025-06-20T10:26:57Z,subscribed,Business,399,On-prem
100001656,2025-06-21T11:49:46Z,subscribed,Business,-224,SaaS
100000331,2025-06-21T00:46:46Z,subscribed,Business,399,On-prem
100001294,2025-06-22T03:07:30Z,subscribed,Business,399,On-prem
100001300,2025-06-22T22:09:26Z,subscribed,Team,99,On-prem
100001029,2025-06-23T00:32:59Z,subscribed,Team,99,On-prem
100001614,2025-06-23T11:50:38Z,subscribed,Business,399,SaaS
100000527,2025-06-23T19:09:15Z,subscribed,Team,99,On-prem
100000780,2025-06-24T14:00:52Z,subscribed,Team,99,On-prem
100001539,2025-06-24T01:23:43Z,subscribed,Business,399,SaaS
100001205,2025-06-24T18:07:16Z,subscribed,Business,399,On-prem
100000880,2025-06-25T02:42:21Z,subscribed,Team,99,SaaS
100001730,2025-06-25T10:16:18Z,subscribed,Team,99,On-prem
100001739,2025-06-26T23:48:15Z,subscribed,Team,0,On-prem
100001538,2025-06-26T11:48:24Z,subscribed,Team,99,On-prem
100000459,2025-06-27T05:04:46Z,subscribed,Team,99,SaaS
100000867,2025-06-27T21:57:02Z,subscribed,Business,399,SaaS
100001769,2025-06-28T12:41:28Z,subscribed,Business,399,On-prem
100001623,2025-06-28T16:10:36Z,subscribed,Business,399,SaaS
100000183,2025-06-29T10:48:42Z,subscribed,Business,399,On-prem
100001046,2025-06-29T13:04:50Z,subscribed,Business,399,On-prem
100000908,2025-06-29T20:43:46Z,subscribed,Business,399,SaaS
100000629,2025-06-30T06:17:18Z,subscribed,Team,99,SaaS
100001471,2025-06-30T12:11:07Z,subscribed,Business,399,On-prem
100000614,2025-07-01T08:24:30Z,subscribed,Team,99,SaaS
100001308,2025-07-01T22:49:23Z,subscribed,Team,99,SaaS
100001178,2025-07-02T06:12:10Z,subscribed,Team,99,SaaS
100001439,2025-07-02T20:05:45Z,subscribed,Team,99,On-prem
100001193,2025-07-03T23:40:33Z,subscribed,Team,99,SaaS
100001612,2025-07-03T03:27:11Z,subscribed,Business,399,SaaS
100000555,2025-07-04T09:24:22Z,subscribed,Team,-414,SaaS
100000844,2025-07-04T05:29:04Z,subscribed,Business,399,On-prem
100001183,2025-07-04T18:35:57Z,subscribed,Team,99,SaaS
100001820,2025-07-05T15:02:34Z,subscribed,Business,399,On-prem
100000820,2025-07-06T15:28:03Z,subscribed,Business,399,On-prem
100001766,2025-07-06T14:28:04Z,subscribed,Team,99,SaaS
100000414,2025-07-07T16:04:57Z,subscribed,Business,399,On-prem
100000866,2025-07-07T15:42:12Z,subscribed,Team,99,On-prem
100001233,2025-07-08T13:09:00Z,subscribed,Team,99,SaaS
100001678,2025-07-08T13:06:42Z,subscribed,Team,99,SaaS
100001395,2025-07-09T14:51:03Z,subscribed,Business,399,SaaS
100001622,2025-07-09T00:20:24Z,subscribed,Business,399,SaaS
100001056,2025-07-10T16:22:30Z,subscribed,Business,-851,On-prem
100000993,2025-07-10T16:29:03Z,subscribed,Team,99,On-prem
100001694,2025-07-11T23:30:51Z,subscribed,Business,399,On-prem
100000622,2025-07-11T21:40:05Z,subscribed,Team,99,SaaS
100001316,2025-07-11T17:14:51Z,subscribed,Business,399,On-prem
100001191,2025-07-12T14:09:04Z,subscribed,Business,399,On-prem
100001384,2025-07-12T19:31:59Z,subscribed,Team,99,SaaS
100001742,2025-07-13T19:55:13Z,subscribed,Business,-153,SaaS
100001627,2025-07-13T15:45:51Z,subscribed,Team,99,On-prem
100001837,2025-07-14T14:33:36Z,subscribed,Business,399,SaaS
100001778,2025-07-14T01:14:07Z,subscribed,Team,99,SaaS
100001207,2025-07-15T22:46:14Z,subscribed,Team,99,On-prem
100001788,2025-07-16T16:15:37Z,subscribed,Business,399,On-prem
100000147,2025-07-16T01:21:27Z,subscribed,Team,99,On-prem
100001402,2025-07-17T00:59:19Z,subscribed,Team,99,On-prem
100001689,2025-07-17T19:18:35Z,subscribed,Business,399,SaaS
100001496,2025-07-18T06:32:28Z,subscribed,Business,399,On-prem
100000569,2025-07-19T09:26:44Z,subscribed,Business,399,On-prem
100001106,2025-07-19T10:01:28Z,subscribed,Business,399,SaaS
100001468,2025-07-20T09:00:43Z,subscribed,Team,99,On-prem
100000528,2025-07-20T13:48:29Z,subscribed,Team,99,On-prem
100000651,2025-07-20T15:29:27Z,subscribed,Business,399,SaaS
100001013,2025-07-21T09:08:14Z,subscribed,Business,399,On-prem
100000624,2025-07-21T09:25:20Z,subscribed,Team,99,On-prem
100000639,2025-07-22T14:36:44Z,subscribed,Business,399,SaaS
100001642,2025-07-22T20:16:33Z,subscribed,Business,399,On-prem
100001412,2025-07-23T01:14:47Z,subscribed,Team,99,SaaS
100001346,2025-07-23T13:06:53Z,subscribed,Team,99,SaaS
100000104,2025-07-24T03:56:06Z,subscribed,Business,399,On-prem
100001028,2025-07-24T19:52:27Z,subscribed,Team,99,SaaS
100001424,2025-07-25T22:18:11Z,subscribed,Business,399,SaaS
100001401,2025-07-25T08:16:04Z,subscribed,Team,99,On-prem
100001752,2025-07-26T03:54:00Z,subscribed,Team,-813,On-prem
100001604,2025-07-26T03:26:38Z,subscribed,Business,399,SaaS
100000543,2025-07-27T20:37:11Z,subscribed,Business,399,SaaS
100001215,2025-07-27T03:09:18Z,subscribed,Business,399,SaaS
100001875,2025-07-28T23:40:15Z,subscribed,Business,-229,SaaS
100001405,2025-07-28T13:26:32Z,subscribed,Team,99,On-prem
100000983,2025-07-29T19:36:04Z,subscribed,Team,99,On-prem
100001010,2025-07-29T19:58:22Z,subscribed,Business,399,SaaS
100001409,2025-07-30T16:17:00Z,subscribed,Team,99,SaaS
100000915,2025-07-30T13:46:14Z,subscribed,Business,399,SaaS
100001649,2025-07-31T17:33:54Z,subscribed,Business,-176,On-prem
100001813,2025-07-31T01:19:12Z,subscribed,Business,399,On-prem
100001874,2025-08-01T17:53:25Z,subscribed,Business,399,On-prem
100001359,2025-08-01T17:12:33Z,subscribed,Team,99,SaaS
100001556,2025-08-01T18:27:24Z,subscribed,Team,99,On-prem
100001889,2025-08-02T02:35:48Z,subscribed,Team,0,SaaS
100001265,2025-08-02T02:42:24Z,subscribed,Team,99,SaaS
100000460,2025-08-03T07:31:42Z,subscribed,Team,99,On-prem
100000647,2025-08-03T23:42:15Z,subscribed,Business,399,On-prem
100001616,2025-08-03T06:15:40Z,subscribed,Business,399,SaaS
100001704,2025-08-04T16:09:46Z,subscribed,Team,99,On-prem
100001851,2025-08-04T21:06:41Z,subscribed,Business,399,SaaS
100000050,2025-08-05T22:48:19Z,subscribed,Business,399,SaaS
100001954,2025-08-05T07:23:23Z,subscribed,Team,99,On-prem
100001213,2025-08-06T05:01:47Z,subscribed,Team,-113,SaaS
100001743,2025-08-06T16:26:07Z,subscribed,Business,399,SaaS
100001481,2025-08-07T06:22:43Z,subscribed,Team,99,On-prem
100000695,2025-08-07T11:36:27Z,subscribed,Team,99,On-prem
100001594,2025-08-08T09:55:04Z,subscribed,Team,99,On-prem
100001869,2025-08-08T02:32:49Z,subscribed,Business,399,On-prem
100001044,2025-08-09T23:52:11Z,subscribed,Team,99,SaaS
100001037,2025-08-09T03:12:23Z,subscribed,Team,99,On-prem
100001247,2025-08-10T00:45:11Z,subscribed,Business,399,SaaS
100001225,2025-08-10T00:17:39Z,subscribed,Business,399,On-prem
100001679,2025-08-11T05:35:24Z,subscribed,Team,99,SaaS
100001079,2025-08-11T05:16:10Z,subscribed,Business,399,On-prem
100000876,2025-08-12T13:47:32Z,subscribed,Business,399,SaaS
100000886,2025-08-12T01:28:47Z,subscribed,Business,399,On-prem
100001397,2025-08-13T17:09:51Z,subscribed,Business,399,On-prem
100001350,2025-08-13T14:21:12Z,subscribed,Business,399,SaaS
100001732,2025-08-14T21:06:37Z,subscribed,Business,399,On-prem
100000947,2025-08-15T22:09:12Z,subscribed,Team,99,On-prem
100001780,2025-08-15T19:27:44Z,subscribed,Team,99,On-prem
100002003,2025-08-16T14:51:23Z,subscribed,Team,99,On-prem
100001561,2025-08-16T16:31:57Z,subscribed,Business,399,SaaS
100001516,2025-08-16T12:51:54Z,subscribed,Team,99,SaaS
100001146,2025-08-17T22:54:10Z,subscribed,Business,399,On-prem
100001448,2025-08-17T14:45:59Z,subscribed,Team,99,On-prem
100001984,2025-08-18T00:58:18Z,subscribed,Team,99,On-prem
100002008,2025-08-18T02:07:05Z,subscribed,Business,399,SaaS
100001816,2025-08-19T18:14:26Z,subscribed,Team,99,SaaS
100001306,2025-08-19T09:13:50Z,subscribed,Business,399,SaaS
100001446,2025-08-20T17:48:33Z,subscribed,Team,99,On-prem
100000252,2025-08-20T21:36:19Z,subscribed,Business,399,SaaS
100000395,2025-08-21T08:25:00Z,subscribed,Business,0,On-prem
100001022,2025-08-21T14:41:04Z,subscribed,Team,99,SaaS
100001148,2025-08-22T00:59:59Z,subscribed,Team,99,SaaS
100001727,2025-08-22T18:18:05Z,subscribed,Business,399,SaaS
100001815,2025-08-23T14:26:38Z,subscribed,Business,399,SaaS
100001328,2025-08-23T23:50:54Z,subscribed,Team,99,SaaS
100001938,2025-08-24T07:39:03Z,subscribed,Business,399,On-prem
100001147,2025-08-24T04:06:27Z,subscribed,Team,99,SaaS
100000593,2025-08-25T11:30:44Z,subscribed,Team,99,SaaS
100001767,2025-08-25T00:58:22Z,subscribed,Team,99,SaaS
100001581,2025-08-26T06:09:32Z,subscribed,Business,399,On-prem
100001099,2025-08-26T06:49:39Z,subscribed,Team,99,On-prem
100001871,2025-08-27T06:37:22Z,subscribed,Team,99,On-prem
100001859,2025-08-28T10:42:06Z,subscribed,Team,99,SaaS
100001651,2025-08-28T15:26:05Z,subscribed,Team,99,SaaS
100001181,2025-08-29T08:11:47Z,subscribed,Team,99,On-prem
100001418,2025-08-29T10:46:26Z,subscribed,Team,99,SaaS
100001109,2025-08-30T18:55:35Z,subscribed,Business,-353,SaaS
100000266,2025-08-30T11:12:56Z,subscribed,Business,399,SaaS
100001226,2025-08-31T16:08:43Z,subscribed,Business,399,On-prem
100001588,2025-08-31T17:40:00Z,subscribed,Team,99,On-prem
100002068,2025-09-01T05:38:14Z,subscribed,Team,-953,On-prem
100001126,2025-09-01T18:10:22Z,subscribed,Business,399,SaaS
100001440,2025-09-02T21:47:59Z,subscribed,Business,399,On-prem
100000436,2025-09-02T23:38:03Z,subscribed,Business,399,SaaS
100000861,2025-09-03T23:16:07Z,subscribed,Team,99,SaaS
100001229,2025-09-03T07:17:03Z,subscribed,Team,99,SaaS
100001241,2025-09-03T04:58:43Z,subscribed,Business,399,On-prem
100000956,2025-09-04T13:26:50Z,subscribed,Team,99,SaaS
100001467,2025-09-04T11:09:56Z,subscribed,Team,99,On-prem
100000948,2025-09-05T12:13:34Z,subscribed,Business,-634,On-prem
100001805,2025-09-05T07:11:48Z,subscribed,Team,99,On-prem
100001640,2025-09-05T19:32:49Z,subscribed,Business,399,SaaS
100001489,2025-09-06T18:53:07Z,subscribed,Business,399,On-prem
100001166,2025-09-06T09:17:48Z,subscribed,Team,99,SaaS
100001980,2025-09-07T16:04:53Z,subscribed,Team,99,SaaS
100001049,2025-09-07T10:32:10Z,subscribed,Team,99,SaaS
100001456,2025-09-08T08:47:01Z,subscribed,Business,399,On-prem
100000538,2025-09-08T07:55:42Z,subscribed,Team,99,SaaS
100001750,2025-09-09T17:53:03Z,subscribed,Team,-171,SaaS
100000553,2025-09-09T01:28:24Z,subscribed,Business,399,On-prem
100001358,2025-09-10T01:44:39Z,subscribed,Team,99,SaaS
100001878,2025-09-10T23:59:28Z,subscribed,Business,399,On-prem
100001454,2025-09-11T08:56:02Z,subscribed,Business,399,SaaS
100001509,2025-09-11T06:08:33Z,subscribed,Business,399,SaaS
100001973,2025-09-12T01:28:36Z,subscribed,Team,99,On-prem
100000930,2025-09-12T13:24:28Z,subscribed,Team,99,On-prem
100001427,2025-09-12T00:28:23Z,subscribed,Business,399,SaaS
100002087,2025-09-13T00:27:37Z,subscribed,Team,99,SaaS
100001192,2025-09-13T08:52:03Z,subscribed,Business,399,On-prem
100002094,2025-09-14T10:02:31Z,subscribed,Business,0,SaaS
